id	gene_id	baseMean	log2FoldChange	lfcSE	pvalue	padj
BOAS_mild_vs_BOAS_severe	cfa-miR-122	18359.54	3.4337097206	0.59197172	1.326067e-9	9.879197e-8
BOAS_mild_vs_BOAS_severe	gcggcggcggcggcggcggcggcg	74.97242	25.4286684389	2.94430107	3.490581e-18	5.200966e-16
Control_BOAS_mild	cfa-miR-429	13.38141	-1.023355	0.35682964	2.857737e-4	0.004541676
Control_BOAS_mild	cfa-miR-200c	92.05521	-1.028532	0.28741427	3.879238e-5	0.001228425
Control_BOAS_mild	cfa-miR-339	345.3302	1.063442	0.21816043	1.460058e-7	1.387055e-5
Control_BOAS_mild	cfa-miR-8906	300.7056	-1.246402	0.27938758	3.601611e-7	2.052918e-5
Control_BOAS_mild	aguuuuuggguucugggg	76.24192	-1.052799	0.3365804	1.266549e-4	0.002644597
Control_BOAS_mild	ugugccucggaggccucgugagc	26.46992	24.1415	2.33818439	3.551487e-25	1.0121740000000001e-22
Control_BOAS_mild	gcggcggcggcggcggcggcggcg	74.97242	-26.21085	2.94536199	3.3963359999999996e-19	4.8397790000000005e-17
Control_BOAS_mild_severe	cfa-miR-143	6075.501	1.172033	0.37843016	2.766946e-6	2.358822e-4
Control_BOAS_mild_severe	ugugccucggaggccucgugagc	26.46992	23.54406	1.97677601	6.319922e-33	2.155093e-30
Control_BOAS_severe	cfa-miR-125a	149.0597	1.5972813512	0.29265773	8.015744e-9	8.469969e-7
Control_BOAS_severe	cfa-miR-122	18359.54	1.0347811558	0.73589313	0.0012275	0.02779411
Control_BOAS_severe	cfa-miR-1	75.02563	1.6726079394	0.38559141	9.313777e-7	7.381168e-5
Control_BOAS_severe	cfa-miR-125b	174.2065	1.5991677544	0.24941336	3.377799e-11	5.353811e-9
Control_BOAS_severe	cfa-miR-143	6075.501	2.0107041673	0.48626876	1.182188e-6	7.495071e-5
Control_BOAS_severe	cfa-miR-133a	1.643926	1.2513553863	0.92419351	6.169613e-4	0.01827574
Control_BOAS_severe	cfa-miR-145	73.73829	1.5532681268	0.47355569	1.806772e-5	9.545776e-4
Control_BOAS_severe	ugugccucggaggccucgugagc	26.46992	23.7098137348	2.33643827	2.044965e-24	6.482538e-22
